{"cameraMode":{"drawMode":0,"name":"Shaded","section":"Shading Mode"},"sceneLighting":false,"audioPlay":false,"sceneViewState":{"showFog":true,"showMaterialUpdate":false,"showSkybox":false,"showFlares":true,"showImageEffects":true,"showParticleSystems":true},"in2DMode":false,"pivot":{"x":21.290475845336915,"y":13.83260726928711,"z":12.472679138183594},"rotation":{"x":0.05482916161417961,"y":0.9440528154373169,"z":-0.20507127046585084,"w":0.25244998931884768},"size":22.77063751220703,"orthographic":false}