{"cameraMode":{"drawMode":0,"name":"Shaded","section":"Shading Mode"},"sceneLighting":false,"audioPlay":false,"sceneViewState":{"showFog":true,"showMaterialUpdate":false,"showSkybox":false,"showFlares":true,"showImageEffects":true,"showParticleSystems":true},"in2DMode":false,"pivot":{"x":356.9063720703125,"y":7.188529014587402,"z":-30.35761833190918},"rotation":{"x":-0.2539807856082916,"y":0.010733005590736866,"z":-0.0028183464892208578,"w":-0.9671469926834106},"size":14.673666000366211,"orthographic":false}