{"cameraMode":{"drawMode":0,"name":"Shaded","section":"Shading Mode"},"sceneLighting":false,"audioPlay":false,"sceneViewState":{"showFog":true,"showMaterialUpdate":false,"showSkybox":false,"showFlares":true,"showImageEffects":true,"showParticleSystems":true},"in2DMode":false,"pivot":{"x":5.362757205963135,"y":9.395523071289063,"z":6.177804470062256},"rotation":{"x":-0.08746092766523361,"y":0.8535304069519043,"z":-0.15214021503925324,"w":-0.4906315505504608},"size":6.97157621383667,"orthographic":false}